sample_index,0
0_P,1.1437928043758623
1_P,1.084542468038217
2_P,1.0623086278372553
3_P,1.0230228494587925
4_P,1.1883341327951258
5_P,0.9728582925717784
6_P,0.9425041355311593
7_P,1.039716843428009
8_P,1.0224793849854716
9_P,1.099535140461992
10_P,0.9616473763928121
11_P,0.9437961800830602
12_P,1.0546934785420645
13_P,1.1509460893454455
14_P,0.9924589906923689
15_P,1.2055580054189905
16_P,1.0959220678490067
17_P,1.0310551356355686
18_P,1.0636100538839113
19_P,1.05352879681008
20_P,0.9935189079662792
21_P,1.1899779475346324
22_P,1.001729287471486
23_P,0.8592646574839012
24_P,1.0482972070173424
25_P,1.0608858651138013
26_P,1.0950629563089302
27_P,1.0613517246495858
28_P,1.0923089664497247
29_P,0.8690370127667363
30_P,1.0081233902451041
31_P,1.1038011463765673
32_P,0.9789445057132218
33_P,0.8274646687712732
34_P,0.9249833290124397
35_P,1.0322645586030035
36_P,1.1155127609509838
37_P,0.8647024110136496
38_P,0.9376318124421197
39_P,0.9217986820433487
40_P,1.0008574344372556
41_P,0.9699976939419696
42_P,0.9368799213062452
43_P,1.06305772444747
44_P,1.0153395754634564
45_P,0.9963655515587451
46_P,1.0972851832772605
47_P,1.0958987067395383
48_P,1.0110593402636125
49_P,1.0300634823609716
50_P,1.081149228086697
51_P,1.0424608384597256
52_P,0.9679488242415522
53_P,1.0170586680564262
54_P,0.9231579302152791
55_P,1.1443522207248302
56_P,1.0263915388739169
57_P,0.8430820628048918
58_P,1.165405401546637
59_P,0.8483525008111769
60_P,0.9950514882159286
61_P,0.8898734546509396
62_P,0.9817313771714392
63_P,1.06481127551184
64_P,1.0798083384191004
65_P,1.0204718541922808
66_P,0.9724801888254683
67_P,0.9744916139390237
68_P,0.9600449193603965
69_P,0.9144247511692689
70_P,1.027783330154534
71_P,0.9763110320444015
72_P,1.1264337714874202
73_P,1.059101206969737
74_P,1.0994274503893342
75_P,1.0437182589463272
76_P,1.0408691402928874
77_P,1.0518252949792912
78_P,1.0385597301484046
79_P,1.1160556908934172
80_P,0.9926410675974483
81_P,1.057287977202059
82_P,0.935626013200403
83_P,0.9506037151062263
84_P,0.9754857526435741
85_P,1.1315756406537398
86_P,0.9968176299290818
87_P,0.999834018639632
88_P,1.045514860693266
89_P,1.01646790232047
90_P,1.1096526671243336
91_P,1.0517837058476358
92_P,1.1377191857627862
93_P,1.029053500984712
94_P,1.0297777956162208
95_P,1.009570066570466
96_P,1.0329048808642993
97_P,1.0777266939377927
98_P,1.0202106401753446
99_P,0.9411755694982372
100_P,0.9573536346946767
101_P,1.0019215307715763
102_P,0.9590713599914528
103_P,1.0685989687951858
104_P,1.063405818455611
105_P,0.874150173092776
106_P,0.9811308725912389
107_P,1.0179574550002752
108_P,0.8676269966301501
109_P,0.9358675274641541
110_P,1.0478139363660173
111_P,0.9667976173432281
112_P,1.1167371288703052
113_P,0.9713453313250732
114_P,0.954573929509771
115_P,1.0012872664646175
116_P,1.0665328094364388
117_P,1.0283074828446237
118_P,1.07237439045562
119_P,1.1363350745303868
120_P,0.979586454417903
121_P,1.0889678369937033
122_P,1.002850166100869
123_P,0.9296535886093804
124_P,1.1090703819790555
125_P,0.9447429546778588
126_P,0.9317171908213364
127_P,0.9536484052461337
128_P,1.1117316412749276
129_P,1.0499872624258955
130_P,1.1091197180301327
131_P,1.0905171809008003
132_P,1.0453059165655563
133_P,1.0566062356714376
134_P,1.0127592717082097
135_P,1.1162985659673321
136_P,1.0077913890850683
137_P,1.182026658473724
138_P,1.0607234629496924
139_P,1.0088308296259147
140_P,0.9829410063611564
141_P,1.0871529925540873
142_P,0.9453102048152772
143_P,1.0644773760144774
144_P,0.8655512295838214
145_P,1.017997346639243
146_P,0.9311045707891868
147_P,1.1372150871534954
148_P,0.9060501929221553
149_P,1.213496425868063
150_P,1.044640485487412
151_P,0.9649847448760656
152_P,0.9637232859641842
153_P,1.0571919577054234
154_P,1.0227323164534097
155_P,1.0946498688302964
156_P,1.034608881792742
157_P,1.0199395924386505
158_P,1.0750829560619672
159_P,1.0381577848743748
160_P,1.0415883538492918
161_P,0.9921362252800643
162_P,1.0997034110884358
163_P,0.9470813569080031
164_P,0.9894762787896616
165_P,1.0261021067969696
166_P,1.082519199016003
167_P,1.0520326376443963
168_P,0.8850625362966791
169_P,1.0385403842367367
170_P,0.9903171446892679
171_P,1.041977640386872
172_P,0.875481756184849
173_P,1.096793528155886
174_P,1.0002906159136766
175_P,0.9838563602504177
176_P,1.028907890140084
177_P,1.1220726791376825
178_P,1.0152325741476282
179_P,0.9603225747856659
180_P,0.8876467739484051
181_P,0.9292774002991259
182_P,1.1683608140928428
183_P,1.0245677120287437
184_P,0.9369337661467958
185_P,1.0010021062169765
186_P,1.2264073794358483
187_P,0.8587961190076681
188_P,1.0094983776785698
189_P,1.041567208356835
190_P,1.0054394604506856
191_P,1.0067177360143822
192_P,1.14230187091618
193_P,1.044700516627484
194_P,1.0089044457940075
195_P,1.0403783345512538
196_P,0.9921631795850031
197_P,1.1406078470808119
198_P,1.0050910187986521
199_P,0.9135659510456843
200_P,0.9857663652171795
201_P,1.0400379511446576
202_P,0.9565639156369995
203_P,1.1447328515980102
204_P,1.0234151557607487
205_P,1.036963394080281
206_P,0.9248097801976303
207_P,0.9597853947635805
208_P,1.0072730510860342
209_P,0.880979637468781
210_P,1.2756576436798517
211_P,0.9683003115875466
212_P,0.9668202602997106
213_P,0.9097954849138083
214_P,1.0040017557469754
215_P,0.8627961759741962
216_P,1.024182881556885
217_P,1.029325968627341
218_P,0.9643462793985832
219_P,1.0383368681947935
220_P,1.0959454094811965
221_P,1.2064960441066461
222_P,1.0547150952906597
223_P,0.9309164656084069
224_P,0.9444695318061652
225_P,0.9344491180842152
226_P,1.069560589642778
227_P,1.0725364531127297
228_P,1.1335335412359335
229_P,1.004529176048407
230_P,1.0983828600828214
231_P,0.9877720670742524
232_P,0.9019393075551227
233_P,0.9592087732069058
234_P,1.048984136873427
235_P,0.9333102091983978
236_P,1.0669296993709896
237_P,1.0311311353139103
238_P,1.0808605342398812
239_P,1.0582635648919627
240_P,0.8675237815598235
241_P,1.1739707074183967
242_P,0.891547256722647
243_P,1.0180927273450422
244_P,1.1880453582045145
245_P,0.9114015816750747
246_P,0.980317322997139
247_P,0.9318060405239761
248_P,0.9522992304562867
249_P,0.8263955547901786
250_P,1.1114027430960725
251_P,1.0001553557147123
252_P,0.91195543449319
253_P,0.9766338562580409
254_P,1.0297363005846907
255_P,1.0296957818758734
256_P,0.8526895385628822
257_P,1.0494502493845796
258_P,0.9954686361333198
259_P,0.9906649809458922
260_P,0.9951012191506943
261_P,1.0908118301116887
262_P,1.0905473623387436
263_P,1.2374485959739752
264_P,1.0402006660660623
265_P,1.1698487140987235
266_P,0.9566055361549365
267_P,0.9525333160276427
268_P,0.9528340244193363
269_P,0.9440968054113148
270_P,1.1127260414131828
271_P,1.0448774480866634
272_P,0.9810229671987571
273_P,1.0292942902712672
274_P,0.9723562864615123
275_P,1.1486393007862088
276_P,0.9556298139967505
277_P,0.9624842415975047
278_P,0.9902664186189403
279_P,1.0309636696979387
280_P,1.0032451044399766
281_P,1.0611730751207689
282_P,1.0283274252360437
283_P,1.0650464257647818
284_P,1.0294954704024941
285_P,0.868667053636025
286_P,0.9718613303869428
287_P,0.9618248711989233
288_P,1.0861486878214166
289_P,1.1912574062643726
290_P,0.9151671775612994
291_P,0.9507073657920296
292_P,0.9519709378549441
293_P,1.0433087965476124
294_P,0.9662440189306024
295_P,0.8475270001058969
296_P,1.0719694668874107
297_P,1.0044323125371446
298_P,0.9161678139727438
299_P,1.0890092824359818
300_P,1.025923559834057
301_P,1.0272524918252441
302_P,0.9576121725061153
303_P,0.934349906429299
304_P,1.0667694706656718
305_P,1.0811606353742231
306_P,1.1456737509414068
307_P,0.9791701855138357
308_P,1.15961533407451
309_P,0.9226098954870848
310_P,1.070049928301153
311_P,1.0116404392375946
312_P,1.0263436333559233
313_P,1.0085734493698222
314_P,1.1540976237762504
315_P,0.9132709484762365
316_P,1.0660436477753494
317_P,0.9152989879230926
318_P,0.9432442336910851
319_P,1.014759230617227
320_P,1.083634327982607
321_P,1.0589983043184865
322_P,0.9384030799393634
323_P,1.030499353591809
324_P,1.044219544298437
325_P,1.0600171168043566
326_P,1.0018543496188823
327_P,0.8679624559291135
328_P,0.9425955046134831
329_P,0.9878146734240129
330_P,1.063374239387874
331_P,1.1039720829143151
332_P,0.9865609538549543
333_P,0.9446041659311853
334_P,1.015018523021504
335_P,1.0160454839711819
336_P,1.1401769630374041
337_P,0.8748989346242911
338_P,1.0712324709275294
339_P,1.0090867505786751
340_P,0.9291011589569294
341_P,0.9641809685293987
342_P,1.187763162647509
343_P,1.0741128340550774
344_P,0.9764037951456123
345_P,1.0241681916180643
346_P,1.0721564078815555
347_P,0.9329708295962736
348_P,1.0167252922915135
349_P,1.1646474820121304
350_P,0.9244688220102758
351_P,1.0488980773238026
352_P,0.9716874791241525
353_P,1.0816018458894159
354_P,0.9780690590416384
355_P,1.114314034577888
356_P,0.924872677276044
357_P,1.0355914567819187
358_P,0.9216126851606796
359_P,1.046804200988679
360_P,0.9482301009866239
361_P,1.0196621267245185
362_P,0.9627226643563518
363_P,0.9143401662608585
364_P,1.0598418571946508
365_P,1.022244822340339
366_P,0.9788646019206516
367_P,0.8952564514264242
368_P,1.062706272162067
369_P,1.1167455897866003
370_P,1.2105851921505746
371_P,1.0053287697500033
372_P,1.1301911751564773
373_P,0.9729364341972815
374_P,0.962731612821188
375_P,0.8935069524528318
376_P,1.0060651770119717
377_P,0.9520981357187186
378_P,1.0459837995003411
379_P,0.9383884755299609
380_P,0.9491766956811349
381_P,1.0302945499550162
382_P,1.1221289842471576
383_P,0.9214798310680403
384_P,1.136654699125672
385_P,1.1326733896886676
386_P,1.022197092596238
387_P,1.0770666510841953
388_P,0.8589405843134066
389_P,0.9299044869409786
390_P,1.0877968971028287
391_P,0.9008914616052232
392_P,0.9434314294018828
393_P,1.0220830301521266
394_P,1.0319742155101488
395_P,1.0501118584159224
396_P,1.020676878279568
397_P,1.0722231266218567
398_P,1.202442124674736
399_P,1.0300509182177096
400_P,1.1407683927030943
401_P,1.0146103929315797
402_P,1.0124812395579808
403_P,1.1767270967399837
404_P,1.0090317083224853
405_P,1.001875175668683
406_P,0.8808495429787231
407_P,0.9068447915878264
408_P,1.0940828331435877
409_P,1.1419903282322892
410_P,0.9885136948870378
411_P,1.1072654808423406
412_P,1.031292238109311
413_P,0.9557951720494278
414_P,1.0146614879928617
415_P,1.1193466310065343
416_P,1.0794928711914624
417_P,0.9419064384067121
418_P,1.0016873734752234
419_P,1.1013465321957436
420_P,0.9867974820702892
421_P,1.0094172990254058
422_P,1.0889581866390237
423_P,0.9095199657900445
424_P,1.0679973556042492
425_P,1.0136401358154337
426_P,0.9470672698866522
427_P,0.971569469569009
428_P,0.9644514873458154
429_P,1.1206228492994668
430_P,0.8870788750792932
431_P,1.035102427368482
432_P,0.9989839899748443
433_P,1.1149072961607036
434_P,1.1490013287106613
435_P,1.0434288154361366
436_P,0.7014570838385767
437_P,0.7969734134069321
438_P,0.7808095494033168
439_P,0.9583016645109307
440_P,0.9091719116535738
441_P,0.8925418995205856
442_P,0.6917434962930075
443_P,0.8319286833924473
444_P,0.9542792065211377
445_P,0.8070169504808032
446_P,0.8409548772313934
447_P,1.022880481940581
448_P,0.7314042391983477
449_P,0.7627765334448008
450_P,0.9230943015264746
451_P,1.1954551709463686
452_P,0.7953003842672688
453_P,0.678424562839548
454_P,0.650192745574062
455_P,0.7909710107984051
456_P,1.0009455625901287
457_P,0.9301109055278624
458_P,0.8445518250116831
459_P,0.8010278413928105
460_P,0.7109067214446844
461_P,0.7013792764843618
462_P,0.6760902629506673
463_P,1.5594143178685063
464_P,0.750063159114706
465_P,0.9222595867357202
466_P,1.2126849612102393
467_P,0.8106449112219476
468_P,0.7401030012218829
469_P,0.639306678102377
470_P,0.7206789337183396
471_P,1.7198495537484337
472_P,0.9397839878310557
473_P,1.8080158000902535
474_P,1.5708636928593587
475_P,0.834910021825341
476_P,0.9232878198468563
477_P,1.2545744761518278
478_P,1.7135297228979522
479_P,1.2206495327493336
480_P,1.3031988709384756
481_P,1.2979294376273693
482_P,1.2579146669585783
483_P,1.0664609472081508
484_P,1.104780418466726
485_P,1.2865207789245885
486_P,0.9232486495577988
487_P,1.0570632926674866
488_P,0.9296495582045752
489_P,0.9946490489875817
490_P,0.9085380893848866
491_P,0.830388481671564
492_P,1.0129413457795144
493_P,1.0148863692174273
494_P,0.8866244951581684
495_P,0.9315262274382038
496_P,0.9829225041464313
497_P,0.8170167159768078
498_P,0.9352773741096224
499_P,0.7609944607481899
500_P,1.30763247931808
501_P,0.8307486740204741
502_P,0.8119119080993964
503_P,0.9013935474927783
504_P,1.46411966048533
505_P,1.0993991756620902
506_P,0.7900391441853165
507_P,0.9128207823482382
508_P,0.8364502123932995
509_P,1.1446841453324716
510_P,0.8170271075412849
511_P,0.8281124997329373
512_P,0.7566382406567423
513_P,0.8005577987784166
514_P,0.9996637192238594
515_P,1.1386761459112362
516_P,0.88198239615605
517_P,0.9883773411742154
518_P,0.9935443501926311
519_P,0.9951272672340601
520_P,0.9747430198481667
521_P,0.764340831890255
522_P,0.8968080036532324
523_P,0.8807529219980982
524_P,0.9155839542049923
525_P,0.7923308403560091
526_P,0.8041297345156758
527_P,0.8566199496575139
528_P,0.8655491214523018
529_P,0.951301342148878
530_P,0.9611009781483761
531_P,1.006669907969881
532_P,1.0010571073203687
533_P,0.8004818593352556
534_P,0.7723379884556428
535_P,0.9117461095942294
536_P,1.1010913901455648
537_P,1.0715838923931262
538_P,0.8280300485221914
539_P,0.9865760088782075
540_P,1.0612599368254645
541_P,0.949757610229168
542_P,1.0285314135138213
543_P,1.0096381457399204
544_P,1.1492360443052811
545_P,1.0889434106371674
546_P,0.9126019053982267
547_P,0.9510543716241959
548_P,1.091504159280631
549_P,1.1309244141924388
550_P,0.9454726892949785
551_P,1.0885989930637074
552_P,1.033806813062533
553_P,0.969398467219695
554_P,1.0033364271711562
555_P,0.9527864159998974
556_P,0.9633062360348597
557_P,0.9945482902773812
558_P,0.9748769348682185
559_P,0.9675337052375345
560_P,1.0153676720302571
561_P,1.0618950566226903
562_P,0.7757401333838381
563_P,0.8309803999744539
564_P,1.0751159149210079
565_P,1.187458631299415
566_P,1.1079875939059938
567_P,1.195079448728387
568_P,0.995507429812029
569_P,1.03564650105388
570_P,1.4151631502359527
571_P,1.1563853081171098
572_P,1.2605701670793301
573_P,0.9762237828947773
574_P,1.1385509752001193
575_P,1.0478887517526743
576_P,0.89743156456542
577_P,1.0894758760677423
578_P,0.998854740388621
579_P,1.0248679027699439
580_P,1.1073604441225295
581_P,1.005191220737195
582_P,1.0638927674595633
583_P,0.8491019392642936
584_P,0.953524393236399
585_P,1.1292741181527406
586_P,1.011156145090989
587_P,0.7862775098096351
588_P,0.8661341688242276
589_P,0.9275718042282692
590_P,1.150321693416859
591_P,1.0466864696644271
592_P,1.0338105963367126
593_P,0.9978067845239416
594_P,1.2376208719097084
595_P,1.014843255704215
596_P,1.1185099857325922
597_P,1.023325083337257
598_P,1.113478801037024
599_P,1.0152210241088833
600_P,1.15002018588254
601_P,1.0520435499151852
602_P,1.1941174949227875
603_P,1.2864175832181837
604_P,1.1512663503736342
605_P,1.001724101861481
606_P,0.9257727847426632
607_P,1.0343338454055675
608_P,0.986704909793454
609_P,1.0680715741249631
610_P,1.2116600735988572
611_P,1.1188283913320074
612_P,1.168992490588317
613_P,1.0244558480094157
614_P,1.087678230749441
615_P,1.0001576755721007
616_P,0.9567144308618113
617_P,1.0362087035580703
618_P,1.2535641671330633
619_P,1.2556245539156938
620_P,1.3840554637996503
621_P,1.0253896716139004
622_P,0.9653263875176358
623_P,1.0320929933331537
624_P,1.0313011007159925
625_P,1.044548053205875
626_P,1.1686045178212356
627_P,1.3218762113816624
628_P,1.0367156721772732
629_P,0.9497448273472188
630_P,1.029838636904014
631_P,0.9773351955651245
632_P,0.9653836615272835
633_P,1.1457657210825045
634_P,1.0204383465876588
635_P,1.17323450464641
636_P,1.2855018645942693
637_P,0.9701602478976356
638_P,0.9871938823149812
639_P,0.9346302651539471
640_P,0.9287690207043389
641_P,0.9277562375782687
642_P,0.8601825563961902
643_P,1.000776289714785
644_P,1.0114787511886638
645_P,1.3932628250628076
646_P,0.9765554035140488
647_P,1.0058804326345794
648_P,0.9896105639405908
649_P,0.8444600356763212
650_P,0.8372427348116518
651_P,1.0033265524984045
652_P,1.049249048898165
653_P,0.9196810828440746
654_P,1.1214117855963324
655_P,1.071863018366201
656_P,0.9609031165555697
657_P,0.8960996539505263
658_P,0.8919671797899462
659_P,0.9467504503763816
660_P,1.0370970945858184
661_P,1.469618569116538
662_P,0.9521811120716238
663_P,0.8619548674705365
664_P,1.1470744859927098
665_P,0.9537096462678081
666_P,0.8977673042851818
667_P,0.8210817776703766
668_P,0.8540328346726991
669_P,1.1365835353029543
670_P,1.0760721353760199
671_P,0.9419546632457158
672_P,0.858531876424135
673_P,0.9135738498337529
674_P,1.2522595155917262
675_P,1.093974679287522
676_P,1.0406881855432777
677_P,1.0250760453793333
678_P,1.0402890352499572
679_P,0.7959442547314893
680_P,1.3680193004026295
681_P,1.0326564385869788
682_P,0.9620750590934211
683_P,0.9491763872764228
684_P,0.9805088186030881
685_P,0.9274421597011517
686_P,1.0230486637429934
687_P,1.0182932587337616
688_P,0.7967257374227329
689_P,0.816429456491771
690_P,0.8827108040572526
691_P,1.4366125490824528
692_P,0.9558121791652132
693_P,0.9585985423479008
694_P,0.9184065423838605
695_P,0.8708179941623394
696_P,0.9959020736981202
697_P,1.4476149125224724
698_P,1.1273723916788585
699_P,1.109322997478682
700_P,0.9052422863724435
701_P,0.8743416110905335
702_P,0.9855502644530255
703_P,0.9035947761602889
704_P,1.119384022249807
705_P,1.0846101463958013
706_P,0.9730967984137263
707_P,0.9197185626974881
708_P,1.1154752229116376
709_P,1.149416195825649
710_P,1.1650213349060108
711_P,1.4390957770824082
712_P,1.369576457193499
713_P,1.1580921312629144
714_P,1.1515689815704824
715_P,1.2250918195931255
716_P,0.9182902219192454
717_P,1.0164079168362512
718_P,0.9112023436286504
719_P,0.9921854469972778
720_P,0.9846290886244551
721_P,1.0897470769086444
722_P,0.9393625160675853
723_P,0.9782024180523026
724_P,0.9596472423991387
725_P,0.9768304493045779
726_P,0.9213820712060821
727_P,1.2784724140762271
728_P,1.2602267753146437
729_P,1.169163296421131
730_P,1.1409800369093692
731_P,1.0171330799666736
732_P,1.1522718633006692
733_P,0.9490974012807554
734_P,1.3502570162159944
735_P,1.0064555293627178
736_P,1.0100976875641963
737_P,1.137238468483646
738_P,1.1280426712875316
739_P,1.1124645223049872
740_P,1.025784418927933
741_P,1.0221940398786877
742_P,0.9998510356820707
743_P,1.1435623353775415
744_P,0.9594798073957893
745_P,1.0948460965852196
746_P,0.8560124140508931
747_P,0.84090699874888
748_P,0.8192736578675518
749_P,0.7284777651135004
750_P,1.099919678548737
751_P,0.9613479529024742
752_P,0.8269291735827693
753_P,0.6721446994995603
754_P,0.8973907887686952
755_P,0.8016374948568048
756_P,0.837392696478312
757_P,0.8455311785887756
758_P,0.8061991044657006
759_P,0.7927400394798214
760_P,1.0118027247458994
761_P,0.966149289355556
762_P,1.0462142323106383
763_P,1.0287885985182494
764_P,0.942014336593535
765_P,0.8880994177322821
766_P,0.963601807869816
767_P,0.9806131320327792
768_P,0.8368736374841302
769_P,1.0965416861708686
770_P,0.9487168338007635
771_P,0.9575608845689856
772_P,1.0356416384317095
773_P,1.024203839420951
774_P,1.0817952090119902
775_P,1.018739022183903
776_P,1.0564927021524808
777_P,0.9554034894838814
778_P,0.9975609008282664
779_P,0.7104831925968558
780_P,0.7567970090787233
781_P,0.8762866630513859
782_P,0.8618269287363366
783_P,1.0340632353124366
784_P,0.9098216441303607
785_P,1.0044450699599952
786_P,1.0513066068434795
787_P,0.8164925490321867
788_P,0.9155681418154047
789_P,0.9759818042085561
790_P,1.0233380182065652
791_P,1.076878676403619
792_P,0.9224145159985487
793_P,1.1524539521237187
794_P,0.9995335579189766
795_P,1.3057714281490183
796_P,0.7929779231738838
797_P,0.918001548422266
798_P,0.9890749386547377
799_P,0.9998422030006235
800_P,0.9889712041487405
801_P,0.9982591719036189
802_P,0.9481186922054226
803_P,0.9477601166574676
804_P,0.9946755066284602
805_P,1.0263356285611651
806_P,1.0896002793680173
807_P,1.071686454568991
808_P,1.3246980204854473
809_P,1.1887471010013
810_P,1.200877696616586
811_P,1.014755725171735
812_P,0.968342751204829
813_P,0.8205464705138914
814_P,0.9713919686775093
815_P,0.9111302523442453
816_P,0.9806208935017917
817_P,0.9791265324683891
818_P,0.963506603360866
819_P,0.9683733274732288
820_P,0.9078061433663548
821_P,0.9880246983471235
822_P,1.0032669467811566
823_P,1.076408223430732
824_P,1.0671478498464546
825_P,0.9562835364712589
826_P,1.0265505329445692
827_P,1.0806455588794313
828_P,1.2133151407513532
829_P,1.0296331143335815
830_P,1.0831753969557556
831_P,1.0107662750627102
832_P,0.8670849119173115
833_P,1.0086283107931187
834_P,0.8342117194319543
835_P,0.8527384294379218
836_P,0.7958086792311381
837_P,0.6665736817004354
838_P,0.7093779818073481
839_P,0.645630474608891
840_P,0.5546501523273963
841_P,0.8110297997091287
842_P,0.9217970187783245
843_P,0.6319005548212258
844_P,0.9593775400698689
845_P,0.8394982423799369
846_P,0.7072081961220603
847_P,0.8933700590919177
848_P,0.9138804014645361
849_P,1.1468058734427324
850_P,0.9514356756708088
851_P,0.7776513611378848
852_P,0.9308734129806877
853_P,0.9786509978350036
854_P,1.0648935404443176
855_P,1.024606101841446
856_P,0.9577031670319207
857_P,0.9227814131347638
858_P,0.9988561205560671
859_P,0.9496576359476262
860_P,0.9014181205817675
861_P,0.9404422836570058
862_P,0.8988920233078141
863_P,0.8896401702391563
864_P,1.0041683089370599
865_P,1.014583310941956
866_P,0.9483214035707488
867_P,1.0747903593691193
868_P,0.9986472263375739
869_P,1.0646261867864442
870_P,1.1075203815334198
871_P,1.1514543408638742
872_P,1.1666111682971037
873_P,1.100253981927323
874_P,1.1388150795051533
875_P,1.239487644175634
876_P,1.1278355969235068
877_P,1.195436657077369
878_P,1.1810268165515674
879_P,0.973699774456099
880_P,1.0424225068773647
881_P,1.1545431457154922
882_P,1.2173656277249045
883_P,0.9162410418083495
884_P,0.9195016986237015
885_P,1.0820858028543248
886_P,0.7719255353725217
887_P,1.2287301229265897
888_P,0.8712442894953122
889_P,1.2441805451435324
890_P,1.0488348920869002
891_P,0.8670775277122236
892_P,1.1204282240631835
893_P,1.14926953163274
894_P,1.0938207630659114
895_P,0.8072679636936405
896_P,1.4527167230500044
897_P,0.955291282794771
898_P,1.2244531325458534
899_P,1.2869552769984878
900_P,1.1821186005884283
901_P,1.0987017038506013
902_P,1.1023605580569555
903_P,1.1328158520511813
904_P,1.0985149751386896
905_P,1.215471135986169
906_P,1.0812521927025853
907_P,0.9954035695205459
908_P,1.0745683958565424
909_P,0.9453136150719058
910_P,1.0240297820511697
911_P,0.9833621857370513
912_P,0.9402735547598615
913_P,1.1654050372021103
914_P,1.020675238184604
915_P,1.163754641437019
916_P,0.837664972304409
917_P,0.8077117446534905
918_P,0.9554312389788236
919_P,0.905721048874585
920_P,0.905815353865757
921_P,1.0479344002157598
922_P,0.9340678975481916
923_P,1.2466876292108762
924_P,1.1730502822153808
925_P,1.1910653596879879
926_P,1.178100117553276
927_P,1.1218350266313448
928_P,0.9775855281634046
929_P,0.9407073552719846
930_P,1.0243267102060738
931_P,1.0967077856883543
932_P,0.8779352343858942
933_P,0.9373651062696451
934_P,0.8779334154918991
935_P,0.870127670011763
936_P,1.1885906599223848
937_P,1.0624831163818886
938_P,1.0504640298625174
939_P,0.9669712477919604
940_P,0.9504071259429065
941_P,1.0444483997098206
942_P,0.9638122489020036
943_P,1.0633114916338486
944_P,1.0526295934008076
945_P,0.9903327515310308
946_P,1.0245125783230864
947_P,1.1052751078742324
948_P,1.0628096196656827
949_P,1.0565352653155369
950_P,1.072306943842079
951_P,1.043029260591576
952_P,1.1094806013034886
953_P,0.981730319106966
954_P,1.09529474403036
955_P,1.0277879470242075
956_P,1.0992392039054684
957_P,0.9746609438189207
958_P,0.9714574153333786
959_P,0.9482217314838765
960_P,1.0060661789209184
961_P,1.0667570873124372
962_P,0.934594675174646
963_P,0.7730706889885867
964_P,0.7071119210730735
965_P,0.7724349941022899
966_P,0.9980917480225238
967_P,0.925613825602132
968_P,0.8510382466859151
969_P,1.1269501610245678
970_P,1.071143167559444
971_P,0.8758311943726548
972_P,1.033264280051476
973_P,0.8171239375606724
974_P,0.9506445764371753
975_P,0.9109110258165676
976_P,0.8466132016444515
977_P,0.8958118948583457
978_P,0.9285309289981201
979_P,0.6676350886927366
980_P,0.8814646131395035
981_P,0.9715547336888177
982_P,0.8804020590979437
983_P,1.0227307094853892
984_P,0.9399193081409836
985_P,0.8220734160031555
986_P,0.781757292891666
987_P,0.8180036944655289
988_P,0.949440393670832
989_P,0.7961221698279954
990_P,0.8310810255788228
991_P,0.864887428151042
992_P,0.8697044440578695
993_P,0.8568752744765442
994_P,0.9963551718842396
995_P,0.8373318922365011
996_P,0.8268091163036749
997_P,0.7864741058821872
998_P,0.7890758714561872
999_P,0.9525090369524926
1000_P,0.7607884445255279
1001_P,0.7813468744245501
1002_P,0.817468689510469
1003_P,0.7553530362009354
1004_P,0.7587776655408971
1005_P,0.6992383350495917
1006_P,0.7304979673753325
1007_P,0.769894164990691
1008_P,0.8573492821329025
1009_P,0.7940582087608689
1010_P,0.9173908744705709
1011_P,0.810838131948259
1012_P,0.7718160696784472
1013_P,0.749028771794835
1014_P,0.6157749581058111
1015_P,0.8187198334923622
1016_P,0.6936547863413782
1017_P,0.7084534858725681
1018_P,0.7282524624643288
1019_P,0.8030960635665827
1020_P,0.8408864823190315
1021_P,0.8412005213814971
1022_P,0.6842242469812511
1023_P,1.090185687371905
1024_P,1.1695207497746407
1025_P,0.9826754645480937
1026_P,1.047970471364214
1027_P,0.8262089600331003
1028_P,1.114454915144748
1029_P,0.8152816947477025
1030_P,0.8454303001951853
1031_P,0.7413362252059768
1032_P,0.820948922635074
1033_P,0.8510501573182561
1034_P,0.95033771264711
1035_P,0.9593945756021452
1036_P,0.9469519524449342
1037_P,0.9891584638226216
1038_P,0.879710020814108
1039_P,0.899229960286428
1040_P,0.9672881136698563
1041_P,0.8481433757922011
1042_P,0.8633056826821949
1043_P,1.0190861654973191
1044_P,0.8883560499548179
1045_P,0.796068086386348
1046_P,0.9557883549322672
1047_P,0.7778072511770188
1048_P,0.9509285760699668
1049_P,0.927951980193432
1050_P,0.9710325964052369
1051_P,0.9468662120378982
1052_P,1.0222698146305247
1053_P,1.0066115775364226
1054_P,1.1248873210667445
1055_P,0.9910659250081288
1056_P,1.1363923000766094
1057_P,0.8906205329780043
1058_P,1.059867941754409
1059_P,1.049856682186719
1060_P,1.1854989001965428
1061_P,1.235369862997935
1062_P,1.171647547449296
1063_P,0.9814897377263371
1064_P,0.9431915768057395
1065_P,0.8417512427409775
1066_P,0.8125838562537605
1067_P,0.8866491701522914
1068_P,1.0134740183039261
1069_P,0.9275781702059835
1070_P,1.0696987588397513
1071_P,0.9597489400843593
1072_P,0.940628255903806
1073_P,1.0295359993703603
1074_P,0.9700599699838136
1075_P,1.0688971955977484
1076_P,0.9783306463393614
1077_P,0.9550078175434297
1078_P,1.142933088638497
1079_P,0.9453540760612017
1080_P,0.9826272785153906
1081_P,1.0449990888231542
1082_P,1.0486267985522977
1083_P,1.1776973185009072
1084_P,1.0232529996197193
1085_P,0.9070674719440928
1086_P,1.1361708191279873
1087_P,0.7915275767615921
1088_P,0.8394352173250846
1089_P,0.8885810764634019
1090_P,1.1579043067380168
1091_P,0.8147306348341031
1092_P,0.9134116541682508
1093_P,0.8759671420543659
1094_P,0.8406364369655971
1095_P,0.9611618729392981
1096_P,1.0030594388799463
1097_P,0.9983510926201837
1098_P,1.3125906759696095
1099_P,1.0345398025086638
1100_P,1.5910084152653357
1101_P,1.1957727655777863
1102_P,1.5193683774809936
1103_P,1.3117735763030045
1104_P,1.2112167400759262
1105_P,1.316517018588948
1106_P,1.5680894199358533
1107_P,1.041629856836401
1108_P,1.0684501885267002
1109_P,1.1002970542400763
1110_P,1.1411031512487981
1111_P,0.9812523447881542
1112_P,1.0065936015345014
1113_P,1.111150636026369
1114_P,1.1421467369503429
1115_P,1.1963572335351809
1116_P,1.3338342163691634
1117_P,1.1416700414442984
1118_P,1.0200854823517984
1119_P,0.9911762484850832
1120_P,1.2716173280241805
1121_P,1.041455695650965
1122_P,1.0484481424969443
1123_P,1.1074592036201754
1124_P,1.1378369295736497
1125_P,0.9179590193918082
1126_P,1.0958648025183289
1127_P,1.1605236518557436
1128_P,1.2289599444687325
1129_P,1.4771506747878864
1130_P,1.0409770009915542
1131_P,1.0100737576932608
1132_P,1.0267388915027684
1133_P,1.1844302675552434
1134_P,1.1464376789287845
1135_P,1.1987198954476748
1136_P,1.1602825465738236
1137_P,0.9410304400634992
1138_P,1.1715436217054247
1139_P,1.050422832819854
1140_P,1.1260732237034647
1141_P,1.066034166353049
1142_P,0.9621734975475722
1143_P,0.9483844043123519
1144_P,0.8965619780349294
1145_P,0.9432282657013062
1146_P,0.9143624903818408
1147_P,0.8917035899850734
1148_P,0.7478514690081022
1149_P,0.7439757568472952
1150_P,0.7408624467631498
1151_P,1.0033856169381934
1152_P,0.8079563951997453
1153_P,0.7735782428858222
